3	10026	kbangour
4	10034	kbangour
5	10043	mguillor
6	10051	kbangour
7	10078	kdoughty
10	10103	ggamm
12	10112	ccadoret
14	10129	mwolkoff
15	10130	kbangour
16	10175	ckemedji
1491	10271	kwojdat
1492	10285	kwojdat
1493	10292	jwu
1494	10305	radhakri
1495	10318	htribune
1496	10320	htribune
1497	10336	htribune
1498	10347	jwu
1499	10354	jwu
1500	10363	htribune
1501	10372	sheitzma
1502	10389	mmattick
1503	10391	jkim
1504	10407	cwasley
1505	10415	htribune
1506	10421	jwu
1507	10544	gschwert
1508	10557	jlong
1509	10566	pellicks
18	10579	pduro
19	10582	aguzman
20	10604	halawadh
21	10610	sashenfe
22	10628	rhaidu
24	10632	jmiddlet
25	10649	jsaab
26	10676	jberlo
27	10706	pduro
30	10722	rperucch
32	10741	stocchip
34	10753	pcarli
38	10797	ggrella
41	10927	gseiberl
42	10974	atopolsk
43	10983	jberlo
49	11039	ggrella
52	11084	rhaidu
53	11206	jberlo
95	11716	mbocko
96	11769	sroessne
97	11783	rlavaque
98	11795	rlavaque
100	11812	jmottley
101	11829	mlee
102	11830	jmottley
103	11848	gsharma
104	11856	mbocko
106	11881	etawil
105	11881	jrubin
54	12236	dreichma
55	12263	lmetcalf
56	12289	spaauw
58	12291	rfoster
60	12314	tsmith
61	12337	mmccabe
62	12346	kdoughty
63	12358	dreichma
65	12371	tgibson
67	12530	tgibson
1510	12715	gschwert
68	12721	ahamid
69	12742	ahamid
70	12750	dbeaumon
71	12768	dbeaumon
72	12828	pnickels
73	12832	pnickels
74	12849	dkiselgo
75	12855	pnickels
76	12861	dkiselgo
77	12876	dkiselgo
78	12887	hmiller
79	12893	pnickels
80	12902	hmiller
81	12917	ljohnsto
82	12926	dkiselgo
83	12934	ljohnsto
84	12943	pnickels
85	12951	pnickels
86	12965	ntourang
87	12978	gchastel
88	12980	gchastel
89	12999	gchastel
90	13004	ntourang
91	13010	ntourang
92	13028	pclark
93	13032	fjaeger
94	13049	pclark
107	13109	afrank
108	13158	emamajek
109	13185	adas
110	13918	kdavis
111	13920	druskin
112	13936	dtadin
113	13947	fjaeger
114	13954	jcantlon
115	13963	jjamieso
116	13989	bmahon
117	13989	rmiller
118	13991	raslin
121	14012	enordeen
123	14029	rmiller
124	14030	rmiller
125	14048	rmiller
126	14056	rmiller
127	14067	jlangfit
128	14075	rmiller
122	14081	druskin
129	14094	jroche
131	14204	enordeen
132	14210	rmiller
133	14228	rmiller
134	14232	rmiller
135	14249	rmiller
136	14255	mzuckerm
138	14293	jlangfit
139	14307	rmiller
140	14657	cbenyaja
142	14666	rminckle
143	14679	aolek
144	14698	teickbus
145	15136	mclark
146	15211	esia
147	15429	mclark
148	15430	mclark
149	15448	mclark
150	15456	mclark
151	15467	mclark
152	15475	mclark
153	15481	mclark
154	15494	mclark
155	15506	mclark
156	15519	mclark
157	15522	mclark
158	15535	mclark
159	15541	mclark
160	15553	mclark
161	15564	mclark
162	15570	mclark
163	15588	mclark
164	15597	mclark
165	15601	dmcnabne
166	15669	aseluano
167	15755	dmcnabne
168	15807	dgoldfar
169	15839	mwelte
170	15850	vgorbuno
171	15914	rminckle
172	15946	dlambert
174	15971	jjaenike
175	15992	jfry
176	16005	kschaefe
177	16018	cbenyaja
178	16283	aseluano
179	16295	mwelte
180	16303	vgorbuno
181	16312	dlambert
183	16329	jjaenike
184	16330	dgarriga
185	16348	vgorbuno
186	16394	dportman
187	16408	jbrisson
188	16413	aseluano
189	16424	rminckle
190	16910	ebrown
191	16993	jmcgrath
192	17014	dschwarz
193	17060	lcarney
194	17085	kdavis
195	17092	saleavey
196	17141	saleavey
198	17153	dfoster
199	17164	sseidman
200	17217	mbuckley
202	17243	alerner
201	17243	sseidman
203	17455	idickers
204	17461	lcarney
205	17476	kvats
206	17487	kdavis
207	17493	jadamo
208	17505	dbenoit
209	17518	kparker
210	17520	saleavey
212	17536	sseidman
214	17554	mbuckley
213	17591	alerner
215	17748	jmcgrath
1515	18458	doliveir
1511	18460	aseidman
1512	18471	lsels
1513	18485	rboute
1514	18492	cloderer
1521	18508	fabraham
1522	18513	mgruber
217	19079	rfrye
218	19082	asafivan
219	19098	nvalenti
220	19104	mjolliff
221	19110	glynch
222	19128	tpagano
223	19132	mkraus
225	19161	lnadir
227	19176	nhammond
228	19187	rfrye
229	19193	nhammond
231	19208	jhadingh
230	19208	tplatt
232	19213	jhadingh
233	19224	jhadingh
234	19231	jhadingh
235	19245	jhadingh
236	19259	rfrye
237	19262	nhammond
238	19277	nhammond
239	19286	nhammond
240	19290	nhammond
241	19306	rfrye
242	19319	rfrye
244	19322	dwatts
245	19335	nhammond
246	19341	nhammond
247	19353	jhadingh
248	19364	jhadingh
249	19370	jhadingh
250	19388	jhadingh
251	19397	jhadingh
252	19416	nhammond
253	19427	rfrye
254	19438	nhammond
255	19440	nhammond
256	19452	nhammond
260	19469	gcerosal
261	19578	towslsch
262	19603	rdees
263	19612	lpowell
264	19629	rtobin
265	23927	ngresens
266	23940	ngresens
269	24325	fkelley
270	24344	manthama
271	24379	ashestop
272	24398	hmukaibo
273	24410	fkelley
274	24461	jjorne
275	24476	dfoster
276	24487	zacioann
277	24493	jwu
278	24505	echimowi
279	24520	jjorne
280	24536	schen
281	24673	sgracews
282	24684	malonso
283	24703	kvats
284	24712	dfoster
286	24729	oprezhdo
287	24730	jjorne
288	24748	zacioann
289	24756	jwu
290	24767	jjorne
291	24775	schen
292	24781	myates
293	25446	thuang
294	25458	gtian
295	25460	ppian
296	25531	gtian
297	25545	ppian
298	25559	thuang
299	25586	ppian
300	25590	thuang
303	25620	yspence
304	25702	hafenste
305	25717	oprezhdo
306	25726	tkrugh
307	26742	dweix
308	26810	jdinnoce
309	26855	jgoodman
311	27321	btoder
310	27321	hafenste
313	27339	btoder
312	27339	hafenste
314	27396	mneidig
315	27480	dmccaman
316	27527	dmccaman
317	27569	jfarrar
318	27854	mneidig
319	27863	kbren
320	27872	wjones
321	27889	wjones
322	27891	mneidig
323	27906	rboeckma
324	27919	jgoodman
325	27922	afrontie
326	27935	rboeckma
327	27941	jfarrar
328	27953	ifranco
329	27964	oprezhdo
330	28045	tkrugh
331	28086	afrontie
1517	28640	dtilson
1518	28652	cdunstan
1519	28669	dtilson
337	28807	rperucch
339	28960	stocchip
343	28992	gconti
354	29068	stocchip
360	29096	jgrotz
362	29102	sgustafs
371	29219	rhaidu
375	29222	jgrotz
376	29235	sgustafs
378	29944	rraqueno
379	29998	acogliat
380	30059	rkostin
381	30105	tpawlick
383	30302	cbrown
384	30317	rnelson
387	30326	mhoque
389	30334	lschuber
390	30365	cding
391	30378	sdwarkad
392	30380	kshen
393	30399	tsoyata
394	30403	venkitas
395	30412	dstefank
396	30429	jseifera
388	30448	jluo
398	30456	rnelson
399	30669	rnelson
400	30674	mhoque
402	30683	lschuber
403	30710	cding
404	30728	sdwarkad
405	30732	kshen
406	30749	tsoyata
407	30755	venkitas
408	30761	jseifera
409	30815	rjacobs
401	30839	jluo
411	31210	lwraylak
412	31232	cniemiec
413	31255	jjamieso
414	31276	djongde
415	31293	rrogge
416	31307	hreis
417	31321	gcook
418	31342	mestrada
419	31368	lstarr
420	31384	mburnett
421	31426	cniemiec
422	31434	sturgeap
428	31443	lbennett
424	31451	cniemiec
425	31465	aelliot
426	31480	pdavies
427	31480	sturgeap
429	31499	mburnett
430	31516	jsmetana
431	31709	sturgeap
432	31714	jsmetana
433	31723	stoth
434	31737	hreis
435	31746	rrogge
436	31758	rryan
437	31760	mzuckerm
438	31771	jjamieso
441	31805	mzuckerm
442	31818	aschwart
443	31820	sturgeap
445	31836	edeci
447	31854	lbennett
449	31863	lstarr
451	31891	lbennett
452	31906	ntalbot
453	31919	dpalumbo
454	31922	lsilverm
455	32141	mestrada
456	32153	mghera
457	32366	kdavis
458	32379	dtadin
459	32505	harriswi
460	32520	npigno
461	32536	npigno
462	32547	jmccausl
463	32554	harriswi
464	32563	harriswi
465	32572	trussell
466	32589	kbangour
467	32591	kbangour
469	32607	npigno
470	32615	rloughri
471	32621	rloughri
472	32642	jmccausl
476	32650	dfraenke
477	32668	kdiehl
479	32673	kdiehl
480	32696	kscott
481	32703	msmithpf
482	32712	msmithpf
491	32869	ebrown
492	32945	manthama
493	32962	mbocko
494	33016	rperucch
495	33074	tbrown
496	33095	tpawlick
497	33111	mhuang
498	33157	jzavisla
499	33166	jzavisla
503	33205	mhuang
504	33247	jmottley
506	33272	mbocko
507	33323	eipek
508	33337	tsoyata
509	33346	vderefin
510	33371	thsiang
511	33422	rsobolew
512	33441	rsobolew
513	33497	jmottley
514	33503	gsharma
515	33530	wheinzel
516	33567	jastheim
517	33575	saleavey
518	33581	efriedma
519	33613	gsharma
520	33721	vderefin
521	33739	eipek
522	33742	tsoyata
523	33768	tsoyata
525	33773	rsobolew
527	33796	jmottley
524	33804	qlin
528	33810	rwaag
529	33828	wheinzel
530	33855	jastheim
531	33861	mdoyley
533	33876	kparker
534	33887	saleavey
535	33893	efriedma
536	33926	pampadu
537	33934	zignjato
538	33943	mlee
540	33951	rlavaque
1520	34865	dtilson
541	34878	mrizzo
542	34880	mrizzo
543	35039	kyilmaz
544	35042	slandsbu
545	35050	slandsbu
546	35068	rmichael
547	35073	rmichael
548	35096	ychang
549	35117	mbils
550	35165	mbils
551	35178	sengerma
552	35180	sengerma
553	35199	bchen
554	35206	kyilmaz
555	35219	jkinsler
556	35222	jkinsler
557	35264	bchen
558	35270	mrizzo
559	35288	rcardot
560	35297	rcardot
562	35308	mwolkoff
566	35313	ybai
567	35324	ybai
568	35331	rjones
569	35345	rjones
570	35359	pbarelli
571	35362	pbarelli
572	35532	mrizzo
573	35549	mrizzo
574	35555	slandsbu
575	35561	rpancs
576	35587	sgovinda
577	35593	nyildiz
578	35609	nyildiz
579	35685	gcaetano
580	35692	wthomson
582	35701	dlu
581	35701	ybai
583	35716	rjones
584	35738	rpancs
585	35740	ccaetano
586	35752	wthomson
587	35769	ychang
588	35774	ybai
589	35783	dlu
590	35803	nyildiz
591	35812	jkinsler
594	35829	jduggan
595	39250	phiggins
597	39310	dtrail
598	39328	gmitra
599	39361	jkessler
605	39393	jtarduno
606	39409	jtarduno
609	39414	cgarzion
610	39423	cgarzion
612	39437	phiggins
613	39559	jkessler
615	39586	jtarduno
619	39734	cgarzion
647	40005	kmannhei
624	40036	jmiddlet
627	40063	jmemmott
628	40072	jmemmott
629	40089	csmith
630	40091	kjohnson
631	40107	kjohnson
632	40115	sashenfe
633	40121	grice
634	40139	grice
635	40142	dhoskins
636	40168	pbrowne
637	40168	sware
638	40173	agreer
640	40216	stocchip
641	40238	rkegl
642	40269	srajan
643	40274	ggrella
649	40312	etawil
648	40312	jrubin
623	40348	thahn
650	40367	maslenni
651	40375	jtucker
652	40394	kmannhei
654	40408	pcarli
656	40413	ggrella
660	40462	grice
661	40477	jscott
662	40509	mbalmain
664	40514	rossenkn
665	40523	csmith
666	40537	jgrotz
668	40546	grice
667	40546	nmaister
669	40560	nmaister
671	40585	grice
670	40585	nmaister
673	40592	grice
672	40592	nmaister
674	40606	jmiddlet
675	40619	jtucker
677	40757	nmaister
679	40843	srajan
680	40878	srajan
681	40880	ggrella
682	40899	ggrella
687	41008	jtucker
688	41062	kmannhei
689	41077	kmannhei
691	41086	pcarli
692	41090	pcarli
694	41105	ggrella
698	41189	jstoiber
699	41191	jstoiber
700	41200	jstoiber
701	41211	jstoiber
702	41225	jscott
704	41298	jgrotz
705	41302	cschaefe
706	41334	kmannhei
712	41399	ssydelni
1523	42301	rtobin
1524	42352	mwilson
1525	42369	doliveir
713	42374	dfoster
714	42383	jjorne
715	42395	zacioann
716	42400	jwu
718	42411	schen
1526	42920	jbrickle
1527	42936	hgroenev
1528	42947	dtilson
1529	42954	jwu
1530	42963	jzimmerm
1531	42972	pnelson
1532	42989	jwarner
1533	42991	csmith
1534	43006	kwojdat
1535	43019	kwojdat
1536	43064	ykim
1537	43097	lkostove
1538	43138	dknyazev
1539	43140	mvelikov
1540	43152	aknyazev
1541	43169	jwarner
1542	43174	aknyazev
1543	43183	bnikolov
1544	43195	csmith
1545	43207	bnikolov
1546	43215	bnikolov
1547	43221	rready
1548	43239	gjarrell
1549	43242	gjarrell
1550	43250	rcouch
1551	43268	ywu
1552	43273	hzou
1553	43284	jlong
720	43376	jmiddlet
721	43387	sashenfe
722	43409	sashenfe
729	43460	pcarli
732	43471	sashenfe
745	43620	jpapaioa
746	43717	jpapaioa
747	43726	jpapaioa
748	43734	cmarchad
751	43743	jpapaioa
752	43778	ckemedji
757	43857	ckemedji
1554	44117	hrui
1555	44126	hgroenev
1556	44134	hrui
1557	44143	hgroenev
1558	44151	hrui
1559	44165	hrui
1560	44178	pellicks
1561	44199	pellicks
1562	44222	rhansen
1563	44235	doliveir
1564	44241	sogie
1565	44253	amiklos
1566	44264	amiklos
1567	44270	amiklos
1568	44288	wkar
1569	44297	brajan
1570	44308	brajan
761	44944	jpeck
762	44957	jpeck
763	44966	jpeck
764	45078	kbecker
765	45080	kbecker
768	45099	jpeck
769	45103	jpeck
770	45130	jhwang
771	45148	jhwang
780	45500	mandreat
781	45511	mandreat
782	45579	lhudson
783	45582	rkaeuper
784	45598	tdevaney
788	45628	nmaslenn
790	45649	dho
793	45655	psierra
795	45676	dborus
789	45722	stocchip
808	45753	gconti
816	45845	etawil
815	45845	jrubin
819	45890	mwolkoff
820	45901	tslaught
821	45916	tslaught
824	46003	lhudson
826	46012	tbrown
827	46029	ggamm
828	46030	ggamm
831	46276	lhudson
833	46287	tbrown
834	46293	tslaught
835	46350	sweaver
1571	46964	gwedig
1572	46970	sogie
1573	46988	pnelson
1574	46997	sogie
1575	47001	sogie
836	47715	bmeguid
843	47876	parena
845	47965	lpowell
846	47978	tmurano
847	47980	lokeefe
848	48082	tmurano
849	48104	dlogan
850	48110	lokeefe
853	48149	tmurano
854	48155	rperucch
855	48161	stocchip
856	48176	gconti
857	48187	stocchip
859	49135	fshino
861	49188	shardy
862	49197	mtamate
864	49226	mtamate
865	49234	shardy
866	49243	mtamate
867	49251	mtamate
871	49265	yspence
877	49333	mandreat
878	49344	mandreat
879	49357	ameridet
882	49366	mandreat
883	49382	mgalas
886	49563	ngresens
1516	49621	rplace
889	49650	seloi
890	49668	spaauw
891	49673	jmcdonou
892	49684	fjaeger
893	49696	gcarlson
894	49703	spaauw
896	49794	jmcdonou
897	49801	gcarlson
898	49816	spaauw
901	50038	jgrotz
902	50095	cpost
904	50100	jgrotz
905	50125	cpost
907	51070	rperucch
909	51138	cronald
911	51140	sburns
912	51174	jnam
913	51207	sgracews
914	51239	cmuir
916	51273	pfunkenb
917	51284	haluie
918	51304	jellis
919	51349	cren
920	51361	dquesnel
922	51492	sgracews
923	51508	pfunkenb
924	51513	jmyatt
926	51545	jellis
928	51577	jellis
1576	52002	bmaddamm
1577	52017	cshuherk
1578	52026	bmaddamm
1579	52034	bmaddamm
1580	52043	cshuherk
1581	52051	bmaddamm
1582	52065	bmaddamm
1596	52557	gcook
1597	52566	vhope
1598	52579	gcook
1599	52628	pnelson
1600	52632	palbuque
1601	52649	palbuque
1603	52655	mlovett
1602	52661	mlovett
1604	52676	rcardot
1605	52687	pnelson
1606	52693	lmatteso
929	52706	pfunkenb
930	52722	jellis
932	52741	kvats
933	52753	rsobolew
935	52764	schen
936	52770	qlin
937	52797	oprezhdo
938	52808	jjorne
939	52813	zacioann
940	52824	wjones
941	52831	jjorne
942	53448	slubkin
943	53456	kmadhu
944	53638	takhunov
945	53732	fmahmood
946	53815	jpakiana
947	53839	mherman
948	53842	rglover
949	53850	slubkin
950	53868	jharper
951	54132	grichard
952	54149	dravenel
953	54335	ssalur
954	54341	rglover
955	54353	chaessig
956	54438	tfriedma
957	54440	kmadhu
959	54534	sgonek
960	54543	aiosevic
961	54551	dthakur
962	54565	dgeba
963	54578	fcohen
965	54648	mgage
966	54667	fmahmood
967	54675	grichard
969	54705	tfriedma
970	54720	njochnow
971	54736	gpetridi
972	54754	ssalur
975	54772	takhunov
977	54789	agreenle
973	54791	jharper
974	54809	sgracews
978	55004	njochnow
979	55010	jpakiana
981	55028	dgeba
983	56119	mkraszew
984	56122	daman
985	56141	jcovach
986	56153	jtitus
987	56164	jtitus
988	56170	mbaileys
989	56188	jtitus
990	56197	bfrank
991	56202	cmeeker
992	56217	jcovach
993	56226	cmeeker
995	56234	cmeeker
994	56243	cmeeker
996	56251	bfrank
997	56265	bfrank
998	56278	tcaramia
999	56280	tcaramia
1000	56299	tcaramia
1001	56300	tcaramia
1002	56311	jkyker
1004	56333	bpilato
1006	56357	cbazler
1007	56382	mguillor
1008	56398	mbocko
1010	56432	psilvey
1011	56449	haulliff
1012	56455	igeorgie
1013	56461	dharman
1014	56476	dharman
1015	56487	dharman
1016	56493	wtiberio
1017	56505	wtiberio
1018	56518	mkraszew
1019	56520	ekoskoff
1020	56536	druskin
1021	56547	jcovach
1022	56554	gwest
1023	56563	gwest
1024	56572	kbangour
1025	56589	kbangour
1026	56591	jhanson
1027	56607	mwitten
1028	56615	jcovach
1029	56621	rsneider
1031	56639	sroessne
1032	56642	rlavaque
1033	56650	rlavaque
1034	56668	mkraszew
1035	56673	daman
1036	56684	mbaileys
1037	56696	bfrank
1038	56730	kkowalke
1039	56801	kbangour
1040	56816	kbangour
1041	56977	sbohrer
1042	57018	enordeen
1043	57020	rmiller
1044	57036	rmiller
1045	57047	rmiller
1046	57054	rmiller
1047	57063	jlangfit
1048	57072	rmiller
1049	57089	rmiller
1050	57091	kdavis
1607	58658	plederer
1608	58671	rjones
1609	58685	dtilson
1051	58783	tbrown
1052	58803	dberg
1053	58867	avamivak
1054	58933	jbentley
1055	58944	jrolland
1056	58957	joliver
1057	58966	slukisho
1059	58998	wknox
1060	59012	wknox
1061	59108	malonso
1062	59124	gwicks
1064	59131	dburalli
1065	59145	joliver
1066	59159	kparker
1067	59162	slukisho
1069	59177	jfienup
1070	59190	qlin
1071	59204	rboyd
1072	59228	jellis
1073	59276	jeberly
1074	59287	jbentley
1075	59293	cstroud
1076	59307	ngeorge
1077	60986	jduggan
1078	61123	nchin
1079	61137	vanwijng
1080	61146	tbrown
1081	61158	mkelley
1082	61160	mshaw
1084	61340	nchin
1085	61352	nchin
1086	61369	nchin
1087	61374	bsherman
1088	61395	wfitzpat
1089	61411	apeterma
1090	61425	bsherman
1091	61433	ewiereng
1092	61466	dmodrak
1093	61498	econee
1094	61507	econee
1095	61550	rdees
1096	61568	rdees
1097	61573	aney
1098	61584	aney
1099	61596	econee
1100	61602	econee
1106	61643	dmodrak
1107	61651	dmodrak
1112	61762	econee
1113	61790	rdees
1114	61806	aney
1115	61819	econee
1119	61835	dmodrak
1121	61888	wfitzpat
1124	61905	rcurren
1125	61920	rcurren
1126	62553	aquillen
1128	62597	ajordan
1129	62946	garciabe
1130	63297	jhowell
1131	63623	fwolfs
1132	63701	smanly
1133	63982	abodek
1134	63998	abodek
1135	64035	dcline
1136	64070	kmcfarla
1137	64088	kmcfarla
1138	64097	ygao
1139	64101	haluie
1140	64127	saleavey
1141	64140	rdemina
1142	64152	steitel
1143	64169	rdemina
1144	64268	malonso
1145	64284	adas
1146	64310	lorr
1153	64328	ygao
1147	64332	slukisho
1148	64349	rboyd
1149	64355	jmyatt
1152	64361	kparker
1154	64376	saleavey
1157	64458	cstroud
1158	64460	jeberly
1159	65876	kpolakow
1160	65887	kpolakow
1161	66011	bmeguid
1164	66128	mblackwe
1166	66149	msanders
1169	66193	tjackson
1170	66208	bjacobs
1171	66213	msen
1172	66224	mshaw
1173	66231	dprimo
1174	66245	ggamm
1175	66259	ggamm
1176	66262	bjacobs
1177	66277	bjacobs
1178	66286	tnoto
1182	66341	parena
1185	66397	jjohnson
1186	66401	jjohnson
1187	66416	pbarelli
1188	66599	lpowell
1189	66603	kclarke
1190	66612	mfey
1191	66630	jjohnson
1192	66667	csignori
1198	66705	jduggan
1201	66718	mfey
1202	66736	jduggan
1203	67649	cniemiec
1204	67655	mestrada
1205	67661	kdavis
1206	67676	druskin
1207	67693	dtadin
1208	67706	fjaeger
1209	67719	lwraylak
1210	67735	cniemiec
1211	67753	jcantlon
1212	67764	raslin
1213	67770	jjamieso
1214	67797	djongde
1215	67813	rrogge
1216	67824	jlangfit
1217	67831	hreis
1218	67859	gcook
1219	67877	mestrada
1220	67890	lstarr
1221	67916	mburnett
1222	67952	cniemiec
1223	67969	sturgeap
1224	67974	lbennett
1226	67983	cniemiec
1227	67995	aelliot
1228	68012	pdavies
1229	68012	sturgeap
1230	68029	mburnett
1231	68048	jsmetana
1232	68321	sturgeap
1233	68339	jsmetana
1234	68342	stoth
1235	68350	hreis
1236	68368	rrogge
1237	68373	rryan
1238	68384	mzuckerm
1239	68396	jjamieso
1241	68889	ameridet
1243	68891	dbrooks
1244	68919	ewiereng
1247	68922	dbeaumon
1250	68935	ehomerin
1251	68941	mguillor
1255	68953	mandreat
1260	68988	dyarbrou
1265	69047	ccadoret
1258	69054	tgibson
1266	69072	stocchip
1267	69089	jdubler
1269	69283	nmaslenn
1270	69295	nmaslenn
1280	69367	jgivens
1281	69394	maslenni
1282	69408	nmaslenn
1283	69413	nmaslenn
1284	69424	lgivens
1287	69459	lgivens
1296	69537	sashenfe
1297	69546	dwalsh
1298	69546	sashenfe
1299	69558	sashenfe
1300	69560	hlayton
1301	69571	sashenfe
1302	69585	sashenfe
1304	69592	sashenfe
1305	69606	sashenfe
1306	69619	rhetzel
1307	69622	sashenfe
1308	69635	jberlo
1309	69641	atopolsk
1310	69653	atopolsk
1311	69664	atopolsk
1312	69670	hlayton
1313	69688	hlayton
1314	69697	hlayton
1324	69733	sashenfe
1325	69744	sashenfe
1326	69757	sashenfe
1328	69880	atopolsk
1327	69880	rhetzel
1329	70098	lpowell
1330	70335	tsmith
1331	70341	tsmith
1332	70353	tsmith
1333	70364	kkomocki
1334	70370	mbrown
1335	70388	mbrown
1336	70416	mbrown
1337	70440	rojasrim
1338	70452	rojasrim
1339	70469	rojasrim
1340	70474	rojasrim
1341	70483	kkomocki
1342	70495	kkomocki
1343	70502	rprender
1344	70517	rodrigue
1345	70526	kkomocki
1583	70705	rcardot
1584	70718	rcardot
1585	70720	garie
1586	70736	jbrickle
1587	70747	jbrickle
1588	70754	jbrickle
1589	70763	garie
1590	70772	jbrickle
1591	70789	jbrickle
1592	70809	pellicks
1593	70814	pellicks
1594	70823	rcardot
1595	70837	bfriedma
1356	70860	nzaino
1357	70921	nzaino
1358	70939	mmcdermo
1359	70968	mmcdermo
1360	71001	rpoduri
1361	71027	checkler
1362	71074	checkler
1363	71289	mhoque
1365	71291	lschuber
1366	71323	cding
1367	71337	sdwarkad
1368	71346	kshen
1369	71358	venkitas
1370	71360	jseifera
1371	71371	idickers
1372	71385	lcarney
1374	71392	kdavis
1375	71406	kparker
1376	71419	saleavey
1377	71422	sseidman
1378	71441	mbuckley
1386	71453	dfoster
1387	71464	jjorne
1388	71470	zacioann
1389	71488	jwu
1390	71497	jjorne
1391	71503	schen
1392	71512	myates
1379	71529	eipek
1380	71530	tsoyata
1381	71548	tsoyata
1382	71556	rsobolew
1383	71567	jmottley
1384	71575	qlin
1385	71581	rwaag
1393	71594	wheinzel
1394	71624	jastheim
1395	71631	mdoyley
1397	71645	kparker
1398	71659	efriedma
1399	71662	pampadu
1400	71677	zignjato
1401	71686	rlavaque
1402	71690	rgoettle
1403	71707	htribune
1404	71707	lkostove
1405	71715	mwilson
1485	71810	gwicks
1487	71828	dburalli
1488	71832	joliver
1489	71849	jfienup
1490	71855	rboyd
1406	72463	pfunkenb
1407	72472	jmyatt
1408	72491	jellis
1409	73906	gsloan
1410	73919	mbayne
1411	73922	ltinelli
1412	73935	mbayne
1413	73941	gsloan
1414	73953	ltinelli
1415	73964	astauffe
1416	73970	kschaefe
1417	73997	sjaime
1418	74004	mskibo
1419	74010	anikolis
1420	74028	acrakes
1421	74032	nzaman
1422	74049	dolson
1423	74055	dsinglet
1424	74076	aglogowe
1425	74087	alang
1426	74109	rrich
1427	74114	cassidyh
1428	74146	snewmark
1429	74158	mfisher
1430	74160	vandenbo
1431	74171	swang
1432	74185	mmcgee
1433	74192	aarellan
1434	74203	aharper
1435	74212	abrengle
1436	74229	eberg
1437	74230	hlloyd
1438	74248	jboyar
1439	74267	tterranc
1440	74275	mbaddorf
1441	74281	soneil
1442	74294	dnelson
1443	74316	jshields
1444	74340	ekohlhas
1445	74352	kschaefe
1446	74374	ltinelli
1447	74383	agrenert
1448	74395	kmcshane
1449	74400	swoodrin
1450	74411	lwhitebe
1451	74425	kmcshane
1452	74433	geggharr
1453	74444	geggharr
1454	74457	swang
1455	74466	swang
1456	74479	geggharr
1457	74482	ltinelli
1458	74498	sburger
1459	74634	rossenkn
1460	74643	aarbogas
1461	74651	kschaefe
1462	74665	lgodwin
1463	74678	khernand
1464	74680	towslsch
1466	74708	ssydelni
1467	74713	halawadh
1468	74731	lmetcalf
1469	74745	dyarbrou
1470	74759	kscott
1472	74819	dfraenke
1476	74853	mestrada
976	75071	chaessig
968	75085	mherman
490	75106	gferguso
1030	75119	ustaff
1156	75122	yshapir
1155	75135	abadolat
502	75170	ctappare
1364	75188	jluo
1109	75217	apeterma
1110	75217	lemberso
119	75226	apeterma
120	75226	lemberso
1105	75234	rmeerbot
786	75243	emandala
1	75251	emandala
64	75265	emandala
787	75280	tbakhmet
794	75299	psierra
797	75300	mpierce
802	75311	jinikori
9	75325	jinikori
563	75333	jinikori
803	75344	emandala
804	75357	emandala
806	75366	sweaver
807	75379	sweaver
1123	75382	bweslake
1122	75398	aney
1118	75404	rmeerbot
809	75410	mlenoe
1102	75428	aorr
1101	75428	bweslake
810	75432	mlenoe
1117	75449	aorr
1116	75449	bweslake
1104	75455	aorr
1103	75455	bweslake
811	75461	dho
812	75476	dho
813	75487	jinikori
13	75493	jinikori
561	75505	jinikori
814	75536	rwestbro
980	75547	dravenel
822	75554	rwestbro
829	75563	rwestbro
823	75572	mjarvis
830	75589	mjarvis
825	75591	dborus
832	75607	dborus
59	75639	tgibson
717	75668	jjorne
719	75673	myates
267	75684	ngresens
332	75696	epoyer
334	75703	ecolanto
335	75712	ecolanto
336	75729	ecolanto
29	75730	ecolanto
1253	75748	nrubel
1254	75756	nrubel
887	75767	ngresens
1242	75775	ccadoret
1248	75781	ehomerin
1249	75794	schao
1252	75801	schao
1263	75816	jdubler
1264	75827	ewiereng
1108	75838	ewiereng
1120	75840	ewiereng
1256	75852	mguillor
798	75869	ehomerin
799	75874	ccadoret
733	75883	jdubler
818	75895	mguillor
880	75908	nrubel
881	75913	nrubel
1259	75924	dbrooks
66	75931	kdoughty
653	75945	rpeck
690	75959	rpeck
1003	75962	pburgett
2	75977	pburgett
796	75986	pburgett
385	75990	cding
1257	76035	ahughes
485	76064	sashenfe
484	76070	sashenfe
486	76088	sashenfe
487	76097	sashenfe
1303	76101	leblancr
1318	76138	leblancr
1319	76138	msmithpf
1320	76140	leblancr
1321	76140	msmithpf
1322	76152	leblancr
1323	76152	msmithpf
474	76169	leblancr
475	76169	msmithpf
488	76174	leblancr
489	76174	msmithpf
410	76207	dgildea
1262	76215	ameridet
884	76221	ameridet
8	76250	mguillor
1063	76273	gagrawal
216	76284	rdees
1245	76296	ahughes
621	76304	jmichael
1151	76310	srajeev
1195	76328	akalandr
1194	76328	gpowell
1193	76332	lrothenb
130	76349	jcantlon
137	76355	rjacobs
1181	76361	bmeguid
842	76376	bmeguid
1183	76387	alee
1184	76393	jduggan
478	76409	harriswi
838	76414	acohon
1197	76437	alee
1196	76437	rharding
1199	76446	rstone
1200	76458	jjohnson
397	76471	tpawlick
1165	76485	ggamm
444	76492	edeci
446	76508	jsmetana
423	76513	edeci
1225	76531	edeci
1179	76545	rharding
1180	76559	rharding
840	76562	rharding
841	76577	rharding
785	76636	tdevaney
1058	76702	aberger
23	76717	gseiberl
36	76726	gseiberl
47	76734	gseiberl
817	76743	gseiberl
596	76778	kberger
603	76780	kberger
611	76800	jkessler
604	76811	cebinger
614	76825	cebinger
600	76833	kberger
601	76844	kberger
602	76857	cebinger
607	76866	rcottrel
616	76879	rcottrel
35	76898	swillis
46	76912	swillis
655	76929	swillis
693	76930	swillis
730	76948	swillis
40	76967	swillis
51	76975	swillis
756	76981	swillis
658	76994	swillis
696	77008	swillis
347	77013	swillis
1471	77024	swillis
1482	77031	swillis
11	77045	ggamm
1162	77105	wspaniel
837	77118	wspaniel
645	77120	jlongenb
684	77136	jlongenb
285	77147	dbenoit
439	77172	lstarr
1240	77189	lstarr
448	77191	rryan
450	77200	stoth
440	77211	lwraylak
646	77233	blondon
685	77244	blondon
1163	77334	sjordan
592	77351	mbils
593	77351	ychang
1009	77365	jhanson
211	77429	rchoe
895	77430	jrunner
899	77448	jrunner
900	77456	sgrimm
958	77467	gpetridi
500	77481	jzavisla
501	77494	jzavisla
1127	77506	rdemina
708	77564	jmichael
31	77570	dcrimp
45	77588	dcrimp
1481	77597	dcrimp
739	77601	dcrimp
39	77616	dcrimp
50	77640	dcrimp
740	77669	dcrimp
744	77674	dcrimp
268	77683	ngresens
888	77695	ngresens
1350	77815	cschaefe
301	77821	wschaefe
338	77839	wschaefe
1354	77842	cschaefe
361	77850	cschaefe
377	77868	cschaefe
37	77873	cschaefe
48	77884	cschaefe
382	77914	cbrown
608	77923	rporeda
617	77937	rporeda
1261	77971	ecolanto
1349	78005	cschaefe
1353	78018	cschaefe
351	78020	cschaefe
367	78036	cschaefe
737	78047	cschaefe
1473	78054	clarktay
964	78063	cmueller
1083	78072	nchin
1348	78091	rodrigue
1352	78107	rodrigue
620	78115	shigley
622	78121	thahn
625	78139	schotten
1347	78142	rprender
1351	78150	rprender
353	78168	rprender
369	78173	rprender
906	78184	rprender
1346	78196	bjorgens
639	78201	sweisbar
678	78216	rkegl
663	78227	dbleich
703	78238	dbleich
1479	78240	dbleich
1484	78252	dbleich
711	78269	jscott
707	78274	shigley
709	78283	blondon
710	78295	srajan
657	78312	jbernard
728	78329	ggrella
1293	78367	kparthe
1294	78375	kparthe
1277	78381	kparthe
33	78394	dwalsh
1278	78408	kparthe
800	78413	kparthe
801	78424	kparthe
1291	78431	maslenni
1292	78445	maslenni
302	78459	wschaefe
1295	78462	maslenni
1275	78477	maslenni
1276	78486	maslenni
346	78490	wschaefe
1279	78509	maslenni
355	78514	maslenni
370	78523	maslenni
1289	78537	jgivens
1290	78546	jgivens
1273	78558	jgivens
1274	78560	jgivens
356	78571	jgivens
659	78585	dbleich
1288	78592	maslenni
697	78606	dbleich
724	78619	dbleich
741	78622	dbleich
1475	78635	dbleich
753	78641	rdoran
758	78653	rdoran
754	78664	rdoran
759	78670	rdoran
358	78688	rdoran
755	78697	ckemedji
760	78700	ckemedji
772	78711	jpeck
776	78725	jpeck
359	78733	jpeck
374	78744	jpeck
773	78757	jhwang
777	78766	jhwang
342	78779	jhwang
723	78782	jhwang
885	78798	jhwang
774	78826	jcreech
778	78834	jcreech
352	78843	jcreech
368	78851	jcreech
1478	78865	jcreech
775	78878	jcreech
779	78880	jcreech
357	78899	jcreech
372	78904	jcreech
731	78910	jcreech
858	78928	stocchip
348	78932	stocchip
735	78949	stocchip
805	78955	stocchip
868	78961	dpollack
869	78976	dpollack
28	78987	dpollack
344	78993	dpollack
363	79002	dpollack
791	79017	dpollack
870	79026	jbernard
874	79034	jbernard
350	79043	jbernard
366	79051	jbernard
695	79065	jbernard
738	79078	jbernard
743	79080	jbernard
863	79099	jbernard
876	79103	jbernard
349	79112	jbernard
365	79129	jbernard
734	79130	jbernard
742	79148	jbernard
1167	79209	kclarke
1168	79214	kclarke
1285	79223	kparthe
340	79237	kparthe
749	79246	kparthe
766	79258	kparthe
851	79260	kparthe
1271	79271	kparthe
173	79285	jwerren
182	79292	jwerren
1286	79305	kparthe
341	79318	kparthe
750	79320	kparthe
767	79336	kparthe
852	79347	kparthe
1272	79354	kparthe
564	79363	rjones
57	79391	seloi
1465	79415	ltinelli
1005	79421	jcovach
197	79439	rchoe
473	79442	cjohnson
1268	79468	rwestbro
686	79496	kmannhei
626	79511	jgrotz
333	79566	thahn
1246	79579	thahn
532	79582	gsharma
1396	79598	gsharma
872	79610	dpollack
873	79628	dpollack
875	79632	dpollack
345	79649	dpollack
364	79655	dpollack
1477	79661	dpollack
1483	79676	dpollack
903	79687	cpost
792	79719	dpollack
17	79845	jtucker
644	79859	schotten
683	79862	schotten
1486	79877	gagrawal
727	79890	jmiddlet
982	79901	fcohen
565	79940	rjones
1373	79969	kvats
934	79995	pfunkenb
925	80022	dkelley
927	80041	lambropo
1150	80070	dkelley
931	80088	lambropo
921	80097	lambropo
860	80195	shardy
736	80207	rdoran
373	80215	rdoran
1355	80239	cmueller
1480	80250	clarktay
226	80268	cdoran
908	80559	raguilar
915	80562	raguilar
618	80577	gmitra
505	80590	mlee
1111	80636	akishore
844	80734	alee
141	80743	jfry
243	80751	tplatt
257	80765	rfrye
258	80778	rfrye
259	80780	tplatt
676	80799	etawil
839	80800	parena
526	80975	gwicks
483	81058	msmithpf
386	81071	cding
468	81092	jkraus
1315	81106	sashenfe
1316	81119	sashenfe
1317	81122	sashenfe
44	81135	gseiberl
99	81164	mlee
224	81202	sfordham
910	81325	cronald
725	81357	leblancr
726	81357	msmithpf
1068	81379	kteegard
1474	81404	jcreech
539	81461	zduan
